topic,rank,doc
-1,1,"First of all, I would like to thank all your staff who donated to the #RedCross and fulfilled this sacred duty. How is the situation of the civilians who had to cross into #Russia, can they freely go to another country from there? #Mariupol #Ukraineï¸ (1/1)+"
-1,2,The Principality Of Woodlandia Is Gathering Donations With The Canadian Red Cross For The Ukraine Humanitarian Crisis Appeal. You Can help! Every Donation Matters! #micronations #DonateUkraine #RedCross #Ukraine #SupportUkraine #war #HumanitarianAID #art
-1,3,"""Olenivka is a new Auschwitz"", ""Red Cross, hear us!"", ""Free our heroes"" With such slogans, the relatives of Azovstal defenders once again called on the International Committee of the Red Cross (ICRC) to gain access to the site of the tragedy in Olenivka... #RussianWarCrimes"
0,1,"#Putin attacks #RedCross building. Good! If you don't know what the Red Cross is, you're seriously behind. #redcrosswarcrimes they are criminals."
0,2,"Why #RedCross is so inefficient in Ukraine? Just look at these two smiling men: WAR CRIMINAL #Lavrov and the president of the Red Cross, Peter Maurer. They're discussing opening a new Red Cross office in Rostov where Russia is forcefully deporting (!!!) Ukrainians! #UkraineWar"
0,3,"Red Cross chief Peter Maurer and Sergey Lavrov in Moscow, #Russia"
1,1,Rednex is back bitches! #MDA #Eurovision
1,2,CARNAVALLLLLLLL #MDA #Eurovision
1,3,The CROWD #MDA #Eurovision
2,1,"#PhotoOfTheWeek: As the armed conflict in #Ukraine continues, over 1 million people have fled and are seeking refuge in neighbouring countries. Red Cross teams are providing necessities like food, water, shelter, and SIM cards to help people stay in touch with loved ones."
2,2,"Hungarian Red Cross teams are working with local volunteers around the clock at several humanitarian service points along the #Ukraine border, helping thousands of people each day with food, water, shelter and medical assistance. Meet some of them in thisğŸ§µ ğŸ‘‡"
2,3,"ifrc RT : Hungarian Red Cross teams are working with local volunteers around the clock at several humanitarian service points along the #Ukraine border, helping thousands of people each day with food, water, shelter and medical assistance. Meet some of them in tâ€¦"
3,1,"Under the sign of the ""red cross"" Russian armored vehicles move with weapons, which is unacceptable for transport with a similar designation. The Russian occupiers use the ""red cross"" to cover their battle groups. ğŸ‡ºğŸ‡¦ #ìš°í¬ë¼ì´ë‚˜ #Ukraine #Ğ£ĞºÑ€Ğ°Ñ—Ğ½Ğ° #StopRussia"
3,2,"â€¼ï¸Russian armored vehicles with weapons unacceptable for transport with a similar designation are moving under the sign of the ""red cross"" The Russian occupiers use the ""red cross"" to cover their battle groups.#Ukraineï¸ #StopPutin #UkraineWar #RussianWarCrimes"
3,3,"Under the sign of the Red Cross, Russian armored vehicles with weapons. The Russian occupiers are using the Red Cross to cover their battle groups #Warcrimes #Redcross #Russia #BanPutinPropaganda"
4,1,"Millions in #Tigray are facing a man made-famine. Hospitals have run out of medical supplies due to the de facto blockade. The #IC is , unfortunately, failing to #EndTigraySiege. #EndTigrayFamine"
4,2,"Millions in #Tigray are facing a man made-famine. Hospitals have run out of medical supplies due to the de facto blockade. The #IC is , unfortunately,failing to #EndTigraySiege #EndTigrayFamine"
4,3,"Millions in #Tigray are facing a man made-famine. Hospitals have run out of medical supplies due to the de facto blockade. The #IC is , unfortunately, failing to #EndTigraySiege. #EndTigrayFamine ,"
5,1,. where are you? #RussiaisATerroristState
5,2,#RussiaIsATerroristState Do something!
5,3,#RussiaIsATerroristState will you do anything ??
6,1,Please buy this *today* since ALL MONEY raised goes to Red Cross Ukraine Appeal - plus it's *great music* from #Ukraine band Kin Chi Kat - via #bandcampfriday
6,2,Please buy this *today* since ALL MONEY raised goes to Red Cross Ukraine Appeal - plus it's *great music* from #Ukraine band Kin Chi Kat - via #BandcampFriday #redcross
6,3,It's Bandcamp Friday and the new EP 'Sunflowers' is available to download! All sale proceeds are going to the British Red Cross Ukraine Appeal - please consider purchasing and please share! #bandcamp #bandcampfriday #acousticguitar #charity #ukraine
7,1,Video shot by Azov fighters shows civilians being evacuated from #Azovstal in #Mariupol #Ukraine and coordinated by UN and Red Cross
7,2,15/ The UN Chief Antonio Guterres released a statement saying he welcomed the news of the arrival of more than 170 civilians evacuated from the #Azovstal steelwork and other areas in #Mariupol in a successful coordinated operation by the UN and the International Red Cross.
7,3,The #UN Chief Antonio Guterres said that he welcomed the news of the arrival of more than 170 civilians evacuated from the Azovstal steelwork and other areas in Mariupol in a successful coordinated operation by the UN and the International Red Cross. #Ukraine #Russia
8,1,what are you doing now? do you have any more important things than doing your job? where are the reports from the captivity of the defenders of Azovstal? where are the defenders? #UkraineRussiaWar #EU #UkraineWar #SaveAzov
8,2,"Speak up about Azovstal defenders who are treated violently and ruthlessly in russian captivity, and whom you guaranteed safety #FreeAzovstalDefenders #OlenivkaMassacre #russiaisaterrorisstate"
8,3,"#Azovstal defenders finally met their loved ones. ğŸ’™ğŸ’›ğŸ’™ğŸ’› #FreeAzovstalDefenders #StandWithUkraine Still hundreds of heroes are still in Russian captivity, we remember and wait for them home. #RussiaisATerroistState"
9,1,"Misinformation, deliberate or not, about 's humanitarian response in #Ukraine is putting more lives at risk. Our statement seeks to set the record straight - on our #neutral &amp; #impartial role, &amp; the responsibility of parties to the conflict under #IHL"
9,2,"At the European regional conference in Georgia to discuss how to better support and how to scale up our work inside and outside #Ukraine. We have a collective responsibility to reach vulnerable people, provide essential services, and leave no one behind."
9,3,"Impressed by the lifesaving humanitarian work of . From the beginning of the conflict, they helped more than 5.4 million people. They are still working to reach more vulnerable people in #Ukraine. We continue supporting their work"
10,1,Following the armed conflict in #Ukraine? Follow these accounts: And here are some people you should definitely follow: : ICRC Ukraine spokesperson : ICRC Ukraine head of delegation : ICRC head of comms for Eurasia
10,2,Leaving #kyiv and #ukraine. Time to be be reunited with my family. A deep appreciation for ICRC colleagues working relentlessly close to #frontlines. My thoughts go to the people affected by the armed conflict and their anxiety about what the future will bring.
10,3,Leaving #kyiv and #ukraine. Time to be be reunited with my family. A deep appreciation for ICRC colleagues working relentlessly close to #frontlines. My though go to the people affected by the armed conflict and their anxiety about what the future will bring.
11,1,: RT : UPDATE: Our team led a convoy of buses and private cars with over 500 people to Zaporizhzhia. Those who were part of the convoy had managed to flee #Mariupol. We hope this helps people find the safe haven they so desperately need â€¦
11,2,BREAKING: The Committee of the Red Cross has led a convoy of buses and private cars carrying more than 500 people to Zaporizhzhia. The civilians had managed to flee the besieged Ukrainian town of Mariupol #UkraineRussiaWar
11,3,"Today, team led a convoy of buses and private cars with over 500 people to Zaporizhzhia in #Ukraine. Those who were part of the convoy had managed to flee Mariupol. We hope this helps people find the safe haven they so desperately need right now."
12,1,"I hope that an ordinary, quiet life will be realized around the world as soon as possible. And, of course, in Eastern Europe. The proceeds of this NFT (30 ETH) will be donated to the Japanese Red Cross Society. #NFT #Ukraine #donations #RedCross"
12,2,"I hope that an ordinary, quiet life will be realized around the world as soon as possible. And, of course, in Eastern Europe. The proceeds of this NFT (30 ETH) will be donated to the Japanese Red Cross Society. #NFT #Ukraineï¸ #Donations"
12,3,"Ukrainian Boxer Wladimir Klitschko releases #NFT! The #NFTs were made in partnership with 'WhlsBe,' and will be available to mint in a tiered pricing model for $100, $1,000, and $10,000. All proceeds from the NFT sales will be donated to Ukraine Red Cross and UNICEF. #Ukraineâ¤ï¸"
13,1,These prisoners have rights under the Geneva convention! Any mistreatment to them of any kind is a war crime! Please punish the russian war criminals harshly! #SlavaUkraini #StopPutinNOW #CrimeaIsUkraine
13,2,"The first prisoners of war (POWs) in #Ukraine have been prosecuted and sentenced, with many more to come. In this blog, legal adviser Yvette Issar outlines how fair trial must be guaranteed to #POWs under the Third Geneva Convention. ğŸ‘‡"
13,3,The International Committee of the Red Cross ( ) says prisoners of war images breach Geneva Convention (Article 13). Don't share images of prisoners of war PoW. PoW must at all times be humanely treated. Respect Human Rights! ğŸ‡ºğŸ‡³ #HumanRights #Ukraine #Russia #RussiaCrisis
14,1,Red Cross â›‘ï¸ suspends activities in #Ukraine ğŸ‡ºğŸ‡¦ for security reasons.
14,2,âš¡ International Committee of the Red Cross suspends activities in #Ukraine for security reasons - Reuters
14,3,ğŸ‡ºğŸ‡¦âš¡ International Committee of the #RedCross suspends activities in #Ukraine for security reasons - Reuters for security reasons...Red Cross...suspends activities...Red Cross...security reasons...
15,1,Save soldiers and people from #Mariupol #Azovstal pleaseğŸ™ @ UN ğŸ™ğŸ™ğŸ™ğŸ‡ºğŸ‡¦ğŸŒ»ğŸŒ»
15,2,Save soldiers and people from #Mariupol #Azovstal pleaseğŸ™ğŸ™ğŸ™ ğŸ‡ºğŸ‡¦ğŸŒ»ğŸŒ»
15,3,ğŸ™Save soldiers and people from #Mariupol #Azovstal pleaseğŸ™ ğŸ™ğŸ™ğŸ™ğŸ‡ºğŸ‡¦ğŸŒ»ğŸŒ»
16,1,#denazification: 'It would be hard to exaggerate the toll that the international armed conflict in Ukraine has had on civilians over the last 100 days. The scale of destruction in cities defies comprehension.' ICRC reports. #RussianUkrainianWar #Day100
16,2,"""It would be hard to exaggerate the toll that the international armed conflict in #Ukraine has had on civilians over the last 100 days. The scale of destruction in cities defies comprehension."" via 1/2"
16,3,"The said on Friday the scale of the destruction in #Ukraine due to #RussianInvasion â€œdefies comprehension.â€ ""It would be hard to exaggerate the toll that the international armed conflict in Ukraine has had on civilians over the last 100 days,"" said."
17,1,"The Canadian Government has said it will match all donations to the Red Cross to help bring humanitarian relief to Ukraine. The federal government has said it will match all donations by Canadians dollar-for-dollar, to a maximum of $10 million. #Ukraine"
17,2,NEW: Canada announces it will match additional $20 million in donations to the Canadian Red Cross - making it a total of $30 million in government contributions to support relief efforts in the region #cdnpoli #Ukraine
17,3,"Through the Canadian Red Cross Ukraine Humanitarian Crisis Appeal, Navacord is donating $100,000 to help bring humanitarian aid to Ukraine. #Ukraine #TheMitchellAbbottGroup"
18,1,Just a daily reminder not to donate to ( because they obviously have enough russian money) and (because they are completely useless) and that #RussiaIsATerroristState
18,2,"GM! A reminder, #russiaisaterrorisstate . and are useless organizations that is being mostly fund by USA (our tax money). Also, #allrussiansareresponsible #russiaisaterrorisstate your prices are going up because of #russiaisaterrorisstate"
18,3,Daily reminder #russiaisaterrorisstate #allrussiansareresponsible are #Useless #organizations
19,1,"The whole world watched them bravely protecting civilians for 2 months, now its time we help our superheroes. Help us evacuate our soldiers! #SaveMariupol #saveAzov #SaveUkraine ğŸ™ğŸ»"
19,2,"#SaveMariupol The whole world watched them bravely protecting civilians for 2 months, now its time we help our superheroes. Help us evacuate our soldiers!"
19,3,"We are grateful for the evacuation of civilians from #Mariupol!Help us evacuate our soldiers who are left at #Azovstal plant under constant heavy shellings.The whole world watched them bravely protecting civilians for more than 2 months,now its time we help our superheroes."
20,1,"Thank you, #UN #UnitedNotning , that's on you. #Russia blew up the dam; and you even didn't help with humanitarian aid, no rescue teams . Thank you #RedCross, for the same. No rescue teams from ANY SINGLE COUNTRY in #Kherson. AT ALL."
20,2,That will be THE FIRST international government help arriving to #Ukraine for helping fighting #Kherson flooding as outcome of #Russia blew up the dam. #Moldova. Still #UnitedNothing #UN = 0 #RedCross =0
20,3,Thank you #UN #UnitedNotning . #Russia blew up the dam; and now shelling people fighting flooding and evacuation grounds in #Kherson. Thank you #RedCross. You are not there too.
21,1,CRISIS #Ucrania #Rusia #Russia #Ukraine ğŸ‡·ğŸ‡ºğŸ‡ºğŸ‡¦ 2 children (11 &amp; 3 years old) were wounded during the shelling of #Kievsky district of Donetsk.
21,2,CRISIS #Ucrania #Rusia #Russia #Ukraine ğŸ‡·ğŸ‡ºğŸ‡ºğŸ‡¦No Nazis in Ukraine? ğŸ¤”
21,3,CRISIS #Ucrania #Rusia #Russia #Ukraine ğŸ‡·ğŸ‡ºğŸ‡ºğŸ‡¦ For the Children of Donbass. ğŸ’–
22,1,"Ukrainians are incredibly grateful for the evacuation of civilians from Mariupol! From the depth of our hearts, thank you! Today, we ask you save Ukrainian soldiers left at the Azovstal under constant heavy bombardments. Please help us evacuate our soldiers! #Mariupol #Azovstal"
22,2,We beg to evacuate the Ukrainian soldiers who remain at the Azovstal plant under constant heavy bombardment. Do they have a chance to survive? Help us evacuate our soldiers! #SaveMariupol #Azovstal
22,3,"Thanks for evacuation of civilians from Mariupol!Please save Ukrainian soldiers who are left at Azovstal plant under constant heavy bombardments. Do they have a chance to survive? not enough food and medicine, many of them are wounded. Help us evacuate our soldiers! #SaveMariupol"
23,1,ğŸš¨FACT CHECKğŸš¨ False information circulating online is jeopardising the work of in #Ukraine This has capacity to harm people we help across the ğŸŒ Think &amp; fact check before you share. Because misinfo can costs lives. So here are the facts â¬‡ï¸
23,2,â–¶ are being attacked by the US goon squad fueling war in #Ukraine. â–¶ are being attacked by the US goon squad fueling war in #Ukraine. will recognise the pattern as she can identify the #US goon squad who did the same to #Ethiopia 2020.
23,3,"#ukraine I constantly repeat myself lately.... Facts I call it. What about you? , ( ğŸ¤”ğŸ¤”, ğŸ¤” ??) : I know, I know... you are shameful excluded!! You left Ukraine!!!!!!!!"
24,1,"â€¼ï¸ğŸ¥The #RedCross responded to #Russia's invitation to investigate the attack on the pre-trial detention center in Yelenovka Earlier, the Red Cross claimed that it had no mandate to investigate the attack on the pre-trial detention center in #Yelenovka."
24,2,"The Red Cross has visited prisoners of war in russia and #Ukraine. As the International Committee of the Red Cross (ICRC) announced, employees were able to visit Ukrainian prisoners of war this week and last. Apparently everything is fine. Reports: scarce."
24,3,"ğŸ’¬#Zakharova: â€¼ï¸The International Committee of the Red Cross has not responded to our request to help us visit Russian #POWs in #Ukraine, while #ICRC representatives and Ukrainian MPs have been allowed to visit the Ukrainian POWs at the Yelenovka pre-trial detention centre (DPR)"
25,1,"""Ukraine"" Merch Profit from this art will be donated to the Red Cross in support of humanitarian relief for #Ukrainians. #UkraineUnderAttack #UkraineRussiaWar #Ukriane #UkraineRussianWar #UkraineKrieg"
25,2,Working on a ukranien kitty to add to our ukranien support collection we will be adding some 1/1 art as well as the art with 100 editions the funds from the 1/1 art will be 100% donated to red cross #UkraineConflict #UkraineUnderAttack make love not war ğŸ˜”ğŸ’”
25,3,"""Ukraine"" iPhone Profit from this art will be donated to the Red Cross in support of humanitarian relief for #Ukrainians. #UkraineUnderAttack #UkraineRussiaWar #Ukriane #UkraineRussianWar #iPhonecase #iPhone13 #iPhone13ProMax"
26,1,ğŸ¥ğŸ¥ Health facilities across #Tigray have been completely looted &amp; destroyed by #Ethiopia &amp; its allies. #EndTigrayFamine #EndTigraySiege
26,2,Health facilities across #Tigray have been completely looted &amp; destroyed by #Ethiopia &amp; its allies. #EndTigrayFamine #EndTigraySiege
26,3,#ğŸ¥ğŸ¥ Health facilities across #Tigray have been completely looted &amp; destroyed by #Ethiopia &amp; Eritrea its allies. #EndTigrayFamine #EndTigraySiege #TigrayGenocide
27,1,Where is the promised help for victims in Ukraine? #ecocide #RussiaIsATerroristState #Kherson
27,2,??? Where is the promised help for victims in Ukraine? #ecocide #RussiaIsATerroristState #Kherson
27,3,"#russiaisaterrorisstate is committing the genocide of Ukrainians non-stop. , are useless! Only people throughout the world can help Ukraine save people lives and win the war - ask your governments to provide Ukraine with weapons. #ArmUkrainaNow"
28,1,We demand the and the immediately respond to the terrorist act committed by russia in Olenivka. Youâ€™re responsible for their lives! #russiaisaterrorisstate #RussianWarCrimes #GenocideOfUkrainians
28,2,We demand the and the immediately respond to the terrorist act committed by russia in Olenivka. Youâ€™re responsible for their lives! #russiaisaterrorisstate #OlenivkaMassacre #olenivka #GenocideOfUkrainians
28,3,We demand the and the immediately respond to the terrorist act committed by russia in #Olenivka . Youâ€™re responsible for their lives! #russiaisaterrorisstate #Kriegsverbrechen #RussiaIsATerroristState #Kriegsverbrecher
29,1,"In #Mariupol russian occupiers shelled the building marked ""Red Cross"" This is one of the most outrageous war crimes! Such crosses mark places where civilian or humanitarian cargo situated. #StopRussia"
29,2,The building marked by a Red Cross sign is a hospital in #Mariupol ğŸ‡ºğŸ‡¦ Russia bombed it. #StopRussianAggression
29,3,ğŸ“· Russian army bombed a hospital in #Mariupol. The building was marked by a Red Cross sign. #Ukraine #UkraineRussiaWar
30,1,"Civilian evacuations from Mariupol and Volnovakha will not happen on Saturday, says Red Cross #UkraineUnderAttaÑk"
30,2,"#Russia and #Ukraine have agreed to establish three civilian evacuation sites in #Mariupol with the support of the United Nations and the Red Cross, the municipal council said via Telegram."
30,3,"Russia and Ukraine have agreed to establish three civilian evacuation sites in #Mariupol with the support of the United Nations and the Red Cross, the municipal council said via Telegram."
31,1,"A child and her mother separated in a ğŸ‡·ğŸ‡º filtration camp after being rescued from #Azovstal #Mariupol , the child went on to UA territory and the mother was retained at the separation campâ€¦ #REUNITE #StandWithUkraine #SendBoots #SaveAzovstalTroops"
31,2,"A child and her mother separated in a ğŸ‡·ğŸ‡º filtration camp after being rescued from #Azovstal #Mariupol , the child went on to UA territory and the mother was retained at the separation campâ€¦ #REUNIT #StandWithUkraine #SaveAzovstal"
31,3,"During the evacuation of civilians from AzovStal, #Mariupol, mother was separated from her child by russian forces. The child is safe in Zaporizhia,but the mother was detailed in russian filtration camp. Her life may be in danger! #RussianWarCrimes"
32,1,"Russia claims to have taken 5.5 Ukrainians [incl 749,000 children] into Russia as of 29 Mar 2023. + still have no access to these persons. The world cannot know how many went willingly, or were coerced or forced at gunpoint from their homes in #Ukraine."
32,2,"Feb. 3: 7/ #Russian #WarCrimes against #Ukrainian #Children ..take appropriate #Measures to respond to a possible #Crime, to #Find &amp; #Punish the #Guilty..continued 8/ #UkraineRussiaWar #CyberCrime #Ukraine #Violence . . ."
32,3,"Feb. 3: 6/ #Russian #WarCrimes against #Ukrainian #Children ..I call on the #CyberPolice, the #NationalPolice &amp; the #ProsecutorGeneral's #Office to take..continued 7/ #UkraineRussiaWar #CyberCrime #Ukraine #Violence . . ."
33,1,#Red Cross says team held near #Mariupol 'released'
33,2,'Red Cross says its team is being held close to Mariupol in Ukraine - ğŸ™ #Ukraine
33,3,Red Cross says its team is being held close to Mariupol in #Ukraine
34,1,"Evacuation route out of Mariupol was mined, Red Cross says via #RussiaUkraineWar"
34,2,"#RussianUkrainianWar Evacuation route out of Mariupol was mined, Red Cross says"
34,3,"Evacuation route out of Mariupol was mined, Red Cross says #UkraineWar"
35,1,The Fuel Crisis in Yemen ğŸ‡¾ğŸ‡ª vs UAE ğŸ‡¦ğŸ‡ª. #Yemen #Congress #Reuters #news #NewsAlert #Sanaa #Ukraineï¸ #FuelPrices #sanaa #TheGuardian #cbsnews #CNN #USA #UnitedStates #UnitedNations #FuelPrice
35,2,Sanaa Government ğŸ‡¾ğŸ‡ª #Yemen #Sanaa #news #Reuters #Congress #Ukraineï¸ #USA #UnitedStates #help #WarCrimes #WashingtonDC #NewsBreak
35,3,â›” Stop the US-backed Saudi's aggression on Yemenis. #Yemen #Congress #USA #UnitedStates #news #WarCrimes #Blockade #RussiaUkraineWar
36,1,COVERUP IN PROGRESS #StandWithUkraine #StandUpForUkraine #UkraineWar #UkraineRussianWar #Russia #Russian #RussianWarCrimesInUkraine #BuchaGenocide #BuchaMassacre #Bucha
36,2,#StandWithUkraine #StopPutinNOW #StopRussianAggression #StopTheWarInUkraine CLOSE THE SKY OVER UKRAINE!
36,3,#StandWithUkraine #StopPutinNOW #StopRussianAggression #StopTheWarInUkraine CLOSE THE SKY OVER UKRAINE! STOP THE WAR!
37,1,"With support from Romanian Red Cross, four Italian Red Cross trucks carrying 32 tonnes of food, blankets, medicine and trauma kits have arrived in Chernivtsi, #Ukraine, to support the emergency response during the conflict. ğŸšš #StandWithUkraineï¸ #PrayForUkraine #PrayPeace"
37,2,"With support from Romanian Red Cross, four Italian Red Cross trucks carrying 32 tonnes of food, blankets, medicine and trauma kits have arrived in Chernivtsi, #Ukraine, to support the emergency response during the conflict. ğŸšš"
37,3,"ifrc RT : With support from Romanian Red Cross, four Italian Red Cross trucks carrying 32 tonnes of food, blankets, medicine and trauma kits have arrived in Chernivtsi, #Ukraine, to support the emergency response during the conflict. ğŸšš â€¦"
38,1,For every completed property transaction during March we will be donating Â£10 to the British Red Cross Ukraine Crisis Appeal ğŸ’™ ğŸ’› You can also support the Ukraine Crisis Appeal by donating via our Just Giving fundraiser ğŸ‘‰ #Ukraine
38,2,"We're proud to have worked with since 2016 to help communities in times of uncertainty. Through our partnership, we're donating Â£700k to the British Red Cross #Ukraine Crisis Appeal. And we'll match donations up to Â£500k. Please donate ğŸ‘‡ #WorldRedCrossDay"
38,3,We've been working with since 2016 to help communities in times of uncertainty. Through our partnership we're donating Â£700k to the British Red Cross #Ukraine Crisis Appeal. And we'll match donations up to Â£500k #WorldRedCrossDay Please donate ğŸ‘‡
39,1,"stated that it did not guarantee the safety of ğŸ‡ºğŸ‡¦ military personnel who left #Azovstal. â€œWe did not guarantee the safety of the PoWs once in enemy hands because it is not within our power to do so,â€ the Red Cross reported."
39,2,The International Committee of the Red Cross claims that it did not guarantee the safety of #Ukrainian prisoners of war who left the Azovstal plant in Mariupol
39,3,ICRC says that it did not guarantee safety of Azovstal prisoners #Ukraine
40,1,Any comments from ? ? documented #RussianWarCrimes here
40,2,Any comments from ? documented #RussianWarCrimes here
40,3,Any comments from ? ? documented #RussianWarCrimes
41,1,"Red Cross says no permission yet to visit Olenivka prison. #Russia said it had invited the Red Cross and the UN to visit a prison where dozens of prisoners of war died. Meanwhile, #Ukraine's president ordered residents to leave the eastern Donetsk region."
41,2,"Russia denied the International Committee of the Red Cross access to Ukrainian prisoners of war, held in the penal colony in #Olenivka, despite the Geneva Convention in force. #StopRussia #StandWithUkraine #StopRussianAggression #RussiaIsATerroristState"
41,3,"â€œRussia denied the International Committee of the Red Cross access to Ukrainian prisoners of war, held in the penal colony in #Olenivka, despite the Geneva Convention in force. #StopRussia #StandWithUkraine #StopRussianAggression #RussiaIsATerroristStateâ€"
42,1,Do NOT donate to or #ICRC is totally corrupt and bias organisation #hrw and #Amnesty are monetizing #Ukraine conflict doing nothing but justifying #RussianWarCrimes If you want to save lives in Ukraine consider donation to foundation
42,2,Do NOT donate to or #ICRC is totally corrupt and bias organisation #hrw and #Amnesty are monetizing #Ukraine conflict while doung nothing but justifying #RussianWarCrimes If you want to save lives in Ukraine consider donation to foundation
42,3,"Do NOT donate to or #ICRC is totally corrupt and bias organization. #hrw and #Amnesty are monetizing #Ukraine conflict while doung nothing but justifying #RussianWarCrimes If you want to save lives in Ukraine, consider donation to foundation"
43,1,A Red Cross convoy heading to #Mariupol will try again to evacuate civilians from the besieged port as Russian forces looked to be regrouping for new attacks in the southeast. #UkraineRussiaWar Read full story:
43,2,A Red Cross convoy travelling to the Ukrainian city of #Mariupol will try again to evacuate civilians from the besieged port on Saturday as #Russian forces looked to be regrouping for new attacks in the southeast.
43,3,A Red Cross convoy heading to #Mariupol will try again to evacuate civilians from the besieged port as Russian forces looked to be regrouping for new attacks in the southeast.
44,1,"The Red Cross Society of #China, upon request, will provide the #Ukrainian Red Cross with 5 million yuan worth of humanitarian aid, including food and daily necessities. The first batch of aid supplies left Beijing on Wed: Chinese FM"
44,2,"The Red Cross Society of China will provide to the #Ukrainian Red Cross Society a batch of humanitarian assistance worth 5mln yuan consisting of food, daily necessities &amp; other supplies. The first shipment left Beijing on March 9."
44,3,"At the request of #Ukraine, the Red Cross Society of China will provide a batch of humanitarian aid supplies, including food and daily necessities, worth 5 million yuan ($791,000) to Ukraine. The first batch of supplies has left Beijing on March 9."
45,1,#BuchaMassacre and would you even care to comment on the barbaric actions of russians? What about the massive massacre in Bucha (and several other cities)? Still no words?
45,2,"Citizens murdered by the #Russian Army in #BuchaMassacre. You came to target children, women, schools, and hospitals. Even the Red Cross was targeted by #Russia. We will not forgive or forget. #RussianWarCrimesInUkraine"
45,3,"The #Russian Army committed many war crimes in the #BuchaMassacre. #Russia targets children, women, schools, the Red Cross, and hospitals. We will not forgive or forget #RussianWarCrimesInUkraine #Anonymous"
46,1,We demand the UN and the ICRC immediately respond to the terrorist act committed by russia in Olenivka. Youâ€™re responsible for their lives!#russiaisaterrorisstate
46,2,We demand the UN and the ICRC immediately respond to the terrorist act committed by russia in #Olenivka. Youâ€™re responsible for their lives! #russiaisaterrorisstate
46,3,We demand the UN and the ICRC immediately respond to the terrorist act committed by russia in Olenivka. Youâ€™re responsible for their lives!
47,1,"Vereshchuk: Invaders thwart all attempts to get to Mariupol The invaders thwart all attempts made by the Ukrainian authorities and international organizations, including the ICRC, to get to Mariupol. #UkraineRussiaWar #UkraineInvasion"
47,2,"Iryna Vereshchuk: â€œEvery day we try to break into the city of #Mariupol, but the occupying forces and their leadership in the russian federation are blocking all our attempts and the efforts of international organizations, including the â€ Source:"
47,3,"âš¡ï¸Iryna Vereshchuk: â€œEvery day we try to break into the city of #Mariupol, but the occupying forces and their leadership in the russian federation are blocking all our attempts and the efforts of international organizations, including the â€ #StopRussia"
48,1,The Azov soldiers are heroes. I am thinking of them and the civilians with them and ask to arrange evacuation or prisoner exchange. #SaveMariupol #SaveAzovstal.
48,2,"We can't wait any longer, help us evacuate our heroes from #Azovstal! Anyone who can help and instead just watches - becomes an accomplice. #SaveAzovstalDefenders"
48,3,#SaveAzovstal Anyone who can help and instead just watches - becomes an accomplice. Save our #Azovstal heroes!
49,1,"ğŸš¨Yet,the lC focuses all their attention on #Ukraine &amp; continues to fail Tigray for over 2 years . #Ayder Hospital in #Tigray calls for urgent life-saving health care supply. #AllowAccessToTigray #TigrayUnderAttack"
49,2,Yet the lC focuses all their attention on #Ukraine &amp; continues to fail Tigray for over 2 years #Ayder Hospital in #Tigray calls for urgent life-saving health care supply #AllowAccessToTigray #TigrayUnderAttack
49,3,"ğŸš¨Yet, the lC focuses all their attention on #Ukraine &amp; continues to fail Tigray for over 2 years . #Ayder Hospital in #Tigray calls for urgent life-saving health care supply. #AllowAccessToTigray #TigrayUnderAttack h"
50,1,russia: captured and mined power units on the biggest nuclear power plant in Europe to intimidate rest of world with nuclear terrorism icrc next day: all states must join the nuclear ban treaty ğŸ¤¡ğŸ¤¡ğŸ¤¡ #RussiaIsATerroristState
50,2,The danger of a global nuclear disaster at the Zaporizhzhya nuclear power plant that will affect all of Europe is caused by Russia. â€¼ï¸ Who should take control of the situation? #RussiaIsATerroristState
50,3,Itâ€™s heartbreaking ğŸ’”ğŸ˜© Today the danger of a global nuclear disaster at the Zaporizhzhya nuclear power plant that will affect all of a world is caused by Russia. please take control of the situation. We must stop terrorism together. â•#StopRussianAggression
51,1,Eurovision has arrived!!!! #MDA #Eurovision #Moldova
51,2,What is this? #Moldova #mda #Eurovision
51,3,Me during Moldova already!! #Moldova #MDA #Eurovision
52,1,"Yesterday, the whole world saw a video of the russians shooting a Ukrainian POW after he saying ""Glory to Ukraine"". Another war crime by russian barbarians, which this time was captured on video. #russiaisATerroristState 1/3"
52,2,"Most likely, yesterday you saw a video showing a Ukrainian prisoner of war being shot dead after he said ""Glory to Ukraine."" This is not the only case, rashists systematically commit war crimes. We demand that the perpetrators be brought to justice. #RussianWarCrimes"
52,3,"Yesterday there was a video circulated on social media showing a Ukrainian prisoner of war shot after saying ""Glory to Ukraine"". We have no right to allow terrorists and criminals to go unpunished. #russiaisaterroriststate"
53,1,Weâ€™re joining our friends at to show support for #Ukraine by donating to the UiPath Foundation. Donations will benefit the work of the Red Cross Ukraine and Red Cross Romania. Those interested in donating can visit:
53,2,Donate to support the Ukrainian Red Cross and its work to help civilians in this difficult time for Ukraine! You can donate on âœ… URCS website: âœ… iRaiser platform: ğŸ“¢ Please share! #SupportUkraine #Ukraine #URCS #DonateUkraine
53,3,Donate to support the Ukrainian Red Cross and its work to help civilians in this difficult time for Ukraine! You can donate on âœ… URCS website: ğŸ“¢ Please share! #SupportUkraine #Ukraine #URCS #DonateUkraine
54,1,"""China's Red Cross will provide humanitarian aid to Ukraine ""as soon as possible,"" Foreign Minister Wang Yi said, as he praised his country's friendship with Russia as ""rock solid""."" #China #Ukraine #HumanitarianAid"
54,2,"#Chinaâ€™s Red Cross will provide humanitarian aid to #Ukraine â€œas soon as possibleâ€, Foreign Minister Wang Yi said, as he praised his countryâ€™s friendship with #Russia as â€œrock solidâ€."
54,3,"#China's Red Cross will provide humanitarian aid to #Ukraine ""as soon as possible"", Foreign Minister Wang Yi said, as he praised his country's friendship with #Russia as ""rock solid""."
55,1,"We are concerned of the impacts of the escalation of hostilities in #Gaza on the local population. Gaza is already facing fuel &amp; food shortages due to a continued blockade, restricting our ability to mobilise humanitarian assistance. ready to support"
55,2,Egyptian Red Crescent prepares batch of relief and medical aid to be sent to Gaza Strip #Egypt #GazaUnderAttack #Gaza #Israel #Palestine_Under_Attack #Palestine #IsraeliCrimes
55,3,The Egyptian Red Crescent announces maximum emergency to send humanitarian aid to Gaza strip as it suffers under Israeli aggression. #Gaza #GazaUnderAttack #Palestine #Israel | #Ù…ØµØ± #ØºØ²Ø© #ØºØ²Ø©_ØªØ­Øª_Ø§Ù„Ù‚ØµÙ
56,1,I made a special design #SaveUkraine &amp; #IStandWithUkraine Profits from the sale of these hats will be channeled through an international organization for people affected by the war - #UKRAINE CRISIS â¦ â©
56,2,I made a special design #SaveUkraine &amp; #IStandWithUkraine Profits from the sale of these hats will be channeled through an international organization for people affected by the war - #UKRAINE CRISIS
56,3,I made a special design #SaveUkraine &amp; #IStandWithUkraine Profits from the sale of these hats will be channeled through an international organization for people affected by the war - #UKRAINE CRISIS Cap
57,1,"Plz Citizens can still live around the #azovstal steel plant and children help them too Citizens can remain trapped in the factory around the steel plant and check once and everywhere around the steel plant, someone will be trapped please send this Ukrain red Cross"
57,2,"Plz Citizens can still live around the #azovstal steel plant and children help them too Citizens can remain trapped in the factory around the steel plant, and check once and everywhere around the steel plant,someone will be trapped please send this Ukrain red Cross"
57,3,"Plz Citizens can still live around the #azovstal steel plant and children help them too Citizens can remain trapped in the factory around the steel plant,and check once and everywhere around the steel plant, someone will be trapped please send this Ukrain red Cross"
58,1,"The largest hospital in the Tigray region, Ayder referral hospital, is calling for an urgent lifesaving diabetes health care supply. #TigrayUnderAttack #StopWarOnTigray â€¦."
58,2,"The largest hospital in the Tigray region, Ayder referral hospital, is calling for an urgent lifesaving diabetes health care supply. â¡ï¸#TigrayUnderAttack â¡ï¸#StopWarOnTigray"
58,3,"The largest hospital in the Tigray region, Ayder referral hospital, is calling for an urgent lifesaving diabetes health care supply. #TigrayUnderAttack #StopWarOnTigray"
59,1,"ifrc RT : Khrystina has become the unofficial mascot of the Ukrainian Red Cross branch in Uzhhorod. A stray puppy, she befriended the volunteer team and now provides her own version of psychosocial support. #Ukraine #mentalhealth #animaltherapy â€¦"
59,2,"Khrystina has become the unofficial mascot of the Ukrainian Red Cross branch in Uzhhorod. A stray puppy, she befriended the volunteer team and now provides her own version of psychosocial support. #Ukraine #mentalhealth #animaltherapy"
59,3,": RT : Khrystina has become the unofficial mascot of the Ukrainian Red Cross branch in Uzhhorod. A stray puppy, she befriended the volunteer team and now provides her own version of psychosocial support. #Ukraine #mentalhealth â€¦"
60,1,"To the ICRC President, I emphasised the need to provide humanitarian aid to #Mariupol, home to a large part of the ğŸ‡¬ğŸ‡· Diaspora, expressing the hope that the evacuation of civilians, including ğŸ‡¬ğŸ‡· Diaspora members, will be made possible. #Greece stands ready to assist the evacuees."
60,2,"#BREAKING: confirms itâ€™s started process to evacuate civilians from Mariupol #Ukraine. â€œThe ICRC confirms that a safe passage operation is ongoing, in coordination with the UN and the parties to the conflict,"" a spokesman said, adding no further details until later"
60,3,"Michael Bociurkiw Â· 34m #BREAKING: confirms itâ€™s started process to evacuate civilians from Mariupol #Ukraine. â€œThe ICRC confirms that a safe passage operation is ongoing, in coordination with the UN and the parties to the conflict,"" ...."
61,1,Full details on fb &amp; Instagram. A beautiful sunflower ğŸŒ» in the Ukrainian ğŸ‡ºğŸ‡¦ flag colours. This purchase has all profit going to the Red Cross charity. My unique sunflower designs &amp; I thought it fitting with the sunflower being Ukraines flower ğŸŒ» #SlavaUkraini ğŸ‡ºğŸ‡¦ğŸ•Šï¸
61,2,Our friends from the Sow Now initiative are on the stand with us at Bloom all weekend. ğŸ’™ğŸ’› Pop along and buy a packet of sunflower seeds (sunflower is the national flower of Ukraine) to support the Irish Red Cross's Ukraine response. #SowForUkraine #IrishRedCross #Ukraine
61,3,The sunflower is the national flower of Ukraine ğŸŒ» It is now possible to add a sunflower to your order for â‚¬5. All proceeds from sunflowers sales will be donated to the Irish Red Crossâ€™s Ukraine appeal ğŸ‡ºğŸ‡¦ #ukraine #sunflower
62,1,"âš¡ï¸Zelensky: ""International Committee of the Red Cross is forbidding us to use their emblem on the humanitarian mission vehicles. It's very revealing. Some influential people would rather 'cross out' Ukraine."" #UkraineRussianWar #Ukraineï¸ #Russia #RussianUkrainianWar"
62,2,"ğŸ“¡ğŸ“¡Zelensky: ""International Committee of the Red Cross is forbidding us to use their emblem on the humanitarian mission vehicles. It's very revealing. Some influential people would rather 'cross out' Ukraine."" #NEWS #UKRAINE #slavaUkraina"
62,3,"âš¡ï¸#Zelensky: ""International Committee of the Red Cross is forbidding us to use their emblem on the humanitarian mission vehicles. It's very revealing. Some influential people would rather 'cross out' #Ukraine."""
63,1,#Ukraine asks the International Committee of the Red Cross to urgently assist in the creation of humanitarian corridors.
63,2,#Ukraine asks the International Committee of the Red Cross to urgently assist in the creation of humanitarian corridors. Via
63,3,#Ukraine asks the International Committee of the Red Cross to urgently assist in the creation of humanitarian corridors - via
64,1,"A convoy consisting of 12 buses left frm #Sumy, #Ukraine today All Indians there have been evacuated. Officials of d Indian Embassy &amp; Red Cross are escorting them Bangladeshis &amp; Nepalis hb also been facilitated. They are currently enroute to Poltava region #OperationGanga"
64,2,"A convoy consisting of 12 buses left from #Sumy, #Ukraine earlier today. All Indians there have been evacuated. Officials of the Indian Embassy &amp; Red Cross are escorting them. Bangladeshis &amp; Nepalis have also been facilitated."
64,3,"#WATCH | A convoy consisting of 12 buses left from Sumy, Ukraine earlier today. All Indians there have been evacuated. Officials of the Indian Embassy &amp; Red Cross are escorting them. Bangladeshis &amp; Nepalis have also been facilitated. They are currently enroute to Poltava region."
65,1,"Providing #Ukraine with satellite imagery #Canada's satellite builder MDA Ltd. is providing near real-time satellite images to track Russian troop movements even at night or through cloud cover, Chief Executive Officer #MikeGreenley #MOG"
65,2,Canada's MDA providing #Ukraine with satellite imagery to fight #Russia
65,3,CANADA'S MDA PROVIDING #UKRAINE WITH SATELLITE IMAGERY TO FIGHT #RUSSIA
66,1,are you blind? #RussiaIsATerroristState #GenocideOfUkrainians #ArmUkraineNow #F16forUkraine #ATACMSForUkraine #MoreHimarsForUkraine
66,2,are you blind? #RussiaIsATerroristState #GenocideOfUkrainians
66,3,#RussiaIsATerroristState #GenocideOfUkrainians are you blind?
67,1,Red Cross heads again for Mariupol as #Russia shifts #Ukraine focus
67,2,Red Cross heads again for Mariupol as #Russia shifts Ukraine focus
67,3,Red Cross heads again for Mariupol as Russia shifts Ukraine focus #Mariupol #RussianForces #Russia #Ukraine #QatarNews #QatarDay
68,1,"ğŸ”µAt we stand in #solidarity with the #people of #Ukraine and would like to reaffirm our #support and #commitment. In face of these events, we have contributed with a donation to the International Red Cross organization to help those in need."
68,2,"We stand in solidarity with the Ukrainian people at this most difficult time. The advice from charity organisations is monetary donations are most appropriate in supporting humanitarian efforts so, we have donated to the Red Cross Emergency Appeal. #StandWithUkraine"
68,3,"We stand in solidarity with all those affected by the conflict in Ukraine. To help support the immediate and ongoing relief efforts, Foresters is donating to the Ukraine Humanitarian Crisis Appeal and the . #StandWithUkraine"
69,1,I believe ketamine gives us the power to access the command prompt of our mind #ket #K #acid #psytrance #rave #anxiety #hippie #wook #NFT #depressuon #tolerance #fwm #2cb #mda #ayahuasca #ego #texas #plug #usps #bitcoin #usa #festivals #molly
69,2,Fully loaded ğŸ˜¬ğŸ’¯âœˆï¸ #mdma #mda #ket #K #coke #ice #snow #plug #percs #molly #2cb #pills #NFT #psychedelicart #dallas #houston #texas #ayahuasca #microdose #rave #drugs #usa #newyork #usps #austin #dmt #dmtcart #chicago #phoenix #weed #tbt #shaman #Bitcoin #love
69,3,Some high quality crystals for y'all #mdma #mda #ayescaline #mescaline #microdose #ket #rave #2cb #psytrance #deadheads #usa #uk #australia #psychedelics #NFT #texas #dallas #bitcoin #crystal #canada #tolerance #dallasplug #caliplug
70,1,"ğŸ‡ºğŸ‡¦ In Crimea, the Russian Red Cross stole Ukrainian property #news #TSN #ukraine #mostshared"
70,2,Russian Red Cross steals property from Ukrainian Red Cross in Crimea | Ukrainska Pravda #Ukraine #UkraineRussiaWar #UkraineUnderAttack #UkraineWarNews
70,3,#Russian Red Cross steals property from Ukrainian Red Cross in #Crimea
71,1,Rules of war - shouldn't occur in the first place - primer on Geneva Conventions. #UkraineRussianWar
71,2,Rules of #war: Why they matter? | â¦ â© The rules of war are universal. The Geneva Conventions (which are the core element of IHL) have been ratified by all 196 states. Very few international treaties have this level of support. #StopPutinNOW
71,3,Geneva Conventions aka the Rules of War #GenevaConventions #icrc #RedCross #Ukraineï¸
72,1,"Russia tortured and executed Ukrainian POW, who were given security guarantees by the UN and the ICRC. React? Any! The UN and the ICRC are absolutely useless organizations that, with their traditional inactivity, encourage Russia's war crimes. #russiaisaterrorisstate #un #ICRC"
72,2,What is the essence of the existence of UN and ICRC? Why do you exist to waste our money? When are you finally going to do your job and REALLY SAVE LIVES? #saveazovstaldefenders #olenivka2972022 #russiaisaterroriststate
72,3,What is the essence of the existence of UN and ICRC? Why do you exist to waste our money? When are you finally going to do your job and REALLY SAVE LIVES? #russiaisaterrorisstate #saveazovstaldefenders #olenivka29072022
73,1,"â€¼ï¸â€¼ï¸ ğŸ‡·ğŸ‡ºğŸ‡ºğŸ‡¦ğŸ‡ºğŸ‡¸ğŸ‡¬ğŸ‡§In the bunker where the Ukr nationalists were driven out and where the National Guard of Chechen origin, The Rosgvardia entered, foreign currency was found in the boxes of the International Red Cross âŒ #RussianUkrainianWar"
73,2,"ğŸ‡·ğŸ‡ºğŸ‡ºğŸ‡¦ğŸ‡ºğŸ‡¸ğŸ‡¬ğŸ‡§In the bunker where the nationalists were driven out and where the National Guard of Chechen origin entered, foreign currency was found in the boxes of the ICRC Why do Ukranians have boxes of American dollars? #Corruption #Ukraine #CIA #StandwithUkraine"
73,3,"ğŸ‡·ğŸ‡ºğŸ‡ºğŸ‡¦ğŸ‡ºğŸ‡¸ğŸ‡¬ğŸ‡§In the bunker where the nationalists were driven out and where the National Guard of Chechen origin entered, foreign currency was found in the boxes of the ICRC #UkraineRussianWar #Ukraine #Russia #à¹à¸•à¸‡à¹‚à¸¡ #à¸à¸£à¸°à¸•à¸´à¸ #"
74,1,Zelenskiy steps up criticism of International Red Cross over inaction at Kakhovka dam (Analysis) #UkraineRussiaWar #Ukraine #Zelensky #Putin #Kakhovka
74,2,"#Ukraine Ukrainian President Volodymyr Zelensky said on Wednesday he was ""shocked"" at what he said was the failure of the United Nations and the Red Cross to provide help after the destruction of the massive Kakhovka dam. -JP"
74,3,"Ukrainian President Volodymyr #Zelensky said on Wednesday he was ""shocked"" at what he said was the failure of the United Nations and the Red Cross to provide help after the destruction of the massive Kakhovka dam."
75,1,Please start your mission in Ukraine!!! Humanitarian corridors are a must for civilians! #IHL #SaveUkraine #StopPutinNOW #StopRussia #StopRussianAggression #SlavaUkraini
75,2,Please start your mission in Ukraine!!! Humanitarian corridors are a must for civilians! #IHL #SaveUkraine #UkraineUnderAttaÑk #UkraineWar
75,3,Please start your mission in Ukraine!!! Humanitarian corridors are a must for civilians! #IHL #SaveUkraine #StopRussianAggression #StopPutin
76,1,The International Red Cross has confirmed that the â€œhumanitarian corridorâ€ prepared by Russia for civilians from #Mariupol was full of mines. #Russia was preparing a massacre. This is the genocide of #Ukrainians!
76,2,â—BREAKING: The International Red Cross has confirmed that the â€œhumanitarian corridorâ€ prepared by #Russia for civilians from #Mariupol was full of mines.
76,3,BREAKING: The International Red Cross has confirmed that the â€œhumanitarian corridorâ€ prepared by #Russia for civilians from Mariupol was full of mines. #Ukraine
77,1,Please help the Ukrainian people ğŸ‡ºğŸ‡¦ Hockey Joe has made up a new batch of candles in the colors of the Ukrainian flag. 100% of the profits will be donated to the Ukrainian Red Cross. PLEASE HELP â¡ï¸ #Ukraine #ukrainian #candles #StandWithUkriane
77,2,Please help the Ukrainian people ğŸ‡ºğŸ‡¦ Hockey Joe has made up a new batch of candles in the colors of the Ukrainian flag. 100% of the profits will be donated to the Ukrainian Red Cross PLEASE HELP â¡ï¸ #Ukraine #ukrainian #candles #StandWithUkriane #UkraineWar
77,3,Please help the Ukrainian people ğŸ‡ºğŸ‡¦ Hockey Joe has made up a new batch of candles in the colors of the Ukrainian flag 100% of the profits will be donated to the Ukrainian Red Cross PLEASE HELP â¡ï¸ #Ukraine #ukrainian #candles #StandWithUkriane #UkraineWar
78,1,"JJapanese food company Nisshin announced that it will provide 100,000 cup noodles free of charge through the local Red Cross to those who have been evacuated to neighboring countries in Ukraine due to an attack by the Russian army. ..... #StandWithUkraine #FreeUkraine #StopPutin"
78,2,"We do not see determination and concrete actions from Red Cross, we should look for new lines of cooperation, - Zelensky - #WarInUkraine #StandWithUkraine"
78,3,The Red Cross makes it to #Bucha Many thanks to them for their endless compassion #ChefsForUkraine #Ukraine #StandWithUkraine #UnitedWithUkraine
79,1,"ifrc RT : ""Volunteering is from the heart."" Dobre, a team member, has been working long days to make sure families fleeing #Ukraine feel welcome. Here, he stands in a medical tent offering care to refugees. â€” IFRC ( ) Aâ€¦"
79,2,: RT : Emergency response is a team effort. Volunteers helping families from #Ukraine come from near and far. Our vast network means #RedCross and #RedCrescent teams from all over the world work together to meet the needs of â€¦
79,3,ifrc RT : Emergency response is a team effort. Volunteers helping families from #Ukraine come from near and far. Our vast network means #RedCross and #RedCrescent teams from all over the world work together to meet the needs of vulnerable people. #Strongerâ€¦
80,1,"Iranian Red Crescent rescuers managed to pull three people out of the rubble alive in the earthquake-stricken areas of Turkey. Seven other people were also pulled out from under the rubble, who unfortunately had lost their lives. #Iran #Syria #TurkeySyriaEarthquake"
80,2,"#TurkeySyriaEarthquake: if you want to donate to the #earthquake victims in #Turkey #Syria &amp; #Rojava, our sisters in Rojava shared this trusted source. Kurdish Red Crescent paypal: #depremhatay #earthquakeinturkey #EarthquakeRelief #Heyvasor"
80,3,International Federation of Red Cross and Red Crescent Societies earthquake page: Aid for Turkey: Aid for Syria: #Syria_earthquake #TurkeyEarthquake #TurkeySyriaEarthquake #TurkeySyriaEarthquake2023
81,1,"we demand to #FreeAzovstalDefenders !! we demand from and to do the job, they are responsible for!! we demand to act hard against #RussiaIsATerroristState 4.08.22, protest/performance in Kyiv"
81,2,"#russiaisaterrorisstate #saveazovstaldefenders #FreeAzovstalDefenders #RussianWarCrimes Ukraine is bleeding!!! concerns don't make difference, actions do is there any sense in you?"
81,3,"we are demanding #FreeAzovstalDefenders !!! we are demanding from and to do the job, they are responsible for!! we are demanding to act hard against #RussiaIsATerroristState Kyiv, 4.08.22"
82,1,Thank you for your help! We urge to start their mission in #Ukraine in order to ensure humanitarian corridors! This will save hundreds of thousands of Ukrainian lives! #StopRussia from violating #IHL #SaveUkraine
82,2,ğŸ‡ºğŸ‡¦ Thank you for your help! We urge to start their mission in #Ukraine in order to ensure humanitarian corridors! This will save hundreds of thousands of Ukrainian lives! #StopRussia from violating #IHL #SaveUkraine
82,3,Thank you for your help! We urge to start their mission in #Ukraine in order to ensure humanitarian corridors! This will save hundreds of thousands of Ukrainian lives! #StopRussia from violating #IHL #SaveUkraine ğŸ‡ºğŸ‡¦ğŸ‡ºğŸ‡¦ğŸ‡ºğŸ‡¦
83,1,You gave the safety guarantees for Ukrainian prisoners of war. Why they were killed by russia in #Olenivka? #russiaisaterrorisstate #ArmUkraineNow
83,2,The world must not forget about #Olenivka !We still have no information about our Ukrainian defenders in captivity. is silent! #RussiaIsATerroristState
83,3,I didn't want to post these videos until the #Olenivka hashtag disappeared! Ukrainian prisoners of war were killed by the Russians.The and the did not help in any way.They were the guarantors of the safety of these boys.#Olenivka #ArmUkraineNow #russiaisaterrorisstate
84,1,"ğŸ›‘The army members should not be abused because of their ethnicity, , , , and please seek a way to investigate the unlawful detention, torture and murder. to #TigrayanENDFs #TigrayGenocide #EndTigraySiege"
84,2,"ğŸš¨ğŸš¨The army members should not be abused because of their ethnicity, , , , &amp; please seek a way to investigate the unlawful detention, torture and murder. to #TigrayanENDFs #TigrayGenocide #EndTigraySiege"
84,3,"The army members should not be abused because of their ethnicity, , , , &amp; please seek a way to investigate the unlawful detention, torture and murder to #TigrayanENDFs #TigrayGenocide #EndTigraySiege"
85,1,"Under auspices of Red Cross, 'green corridor' organized for evacuation of residents of Energodar in Zaporizhia - Energodar mayor #Russia #interfax #Ukraine #Putin"
85,2,"Under auspices of Red Cross, 'green corridor' organized for evacuation of residents of Energodar in Zaporizhia - Energodar mayor #RussianUkrainianWar #Kiev #Kyiv Trump #Putin Biden #ukraine #UkraineWar #Zelensky Zelenskyy #Russia #war nato"
85,3,"â—ï¸â—ï¸IMPORTANT INFORMATION ABOUT EVACUATION I appeal to residents of Zaporozhye region who want to evacuate! With the support of the UN and the Red Cross, the ""green corridor"" Mariupol-Zaporizhzhya was agreed today. #Ukraine #EU #European #US #CINA #INDIA"
86,1,"Tell us, what you are doing for helping Ukrainians!??? Are you really going to open the new office in russia, while you receive millions of donations for Ukraine!??? Send all donations to Ukraine ğŸ‡ºğŸ‡¦!!! #ICRC #StandWithUkraine #Ukraineï¸ #WARINUKRAINE #StopRussia"
86,2,"When you will send all donations (millions of donated money ğŸ’µ) to the Ukraine ğŸ‡ºğŸ‡¦??? What are you waiting for? Maybe, opening the new office in russia? #Stopicrc #icrc #Ukraineï¸ #StandWithUkraine #StopRussia #WARINUKRAINE #StopWarInUkraine #StopWar"
86,3,"Are you Ok??? Opening the new office in russia, while millions of people send donations for Ukraine??? It's crazy!!! #StopICRC #StandWithUkraine #StopRussia #WARINUKRAINE #Ukraineï¸ #StopWarInUkraine #ICRC"
87,1,ğŸ‡ºğŸ‡¦Together We Stand With The UkraineğŸ‡ºğŸ‡¦ For less than the cost of a cup of coffee you can help those in need The stories are a bonus Proceeds from the book will be donated to the Red Cross providing relief to the #Ukraine #99cents #charity
87,2,#SelfPromoFriday ğŸ‡ºğŸ‡¦Together We Stand With The UkraineğŸ‡ºğŸ‡¦ For less than the cost of a cup of coffee you can help those in need The stories are a bonus Proceeds from the book will be donated to the Red Cross providing relief to the #Ukraine #99cents #charity
87,3,ğŸ‡ºğŸ‡¦Together We Stand 2ğŸ‡ºğŸ‡¦ Proceeds from sales of this book will be donated to the Red Cross providing relief in the #Ukraine Amazon Nook Apple Kobo #Ukrainereleif #charity #99cents
88,1,"Don't look away. is on the ground saving people, kitties and puppies! is a 501c3 organization working with the deputy mayor of #Kherson There are lots of reputable charities. The Red Cross is NOT there, nor are they opening their wallet. (5/5)"
88,2,1. Donâ€™t donate to the #RedCross. The help is not reaching Ukraine. Estonian people have donated 4.7 mil Euros to #Estonianredcross. #Ukraine Red Cross asked Estonian office to transfer 2 mil of that to the international office to help out Ukraine. Needless to say that â€¦
88,3,"No donations to Red Cross! Raising billions, spending on fancy offices, comfy cars and adds on social media. No considerable assistance in Ukraine. Good-for-nothing #icrc #redcross #russiainvadedukraine #stopputin #stoprussia #standwithukraine #ukraine"
89,1,"Thanks to America, the #UN and #NATO for taking nuclear weapons from Ukraine and not giving powerful weapons now and not closing the sky over Ukraine. Thanks to the Red Cross, the UN and the European Union for calmly watching the terrorist Putin kill Ukrainians"
89,2,We call on the UN and the Red Cross to show their humanity and reaffirm the basic principles on which you were created by rescuing wounded people who are no longer combatants. #UkraineRussiaWar #UkraineUnderAttack #UkraineWar #Ukraine #RussiaUkraineCrisis #BREAKING #news
89,3,We ask the UN and the Red Cross to show their humanity and reaffirm the basic principles on which they were created in rescuing wounded people who are no longer combatants. #Erdogan #ONU #RedCross #Macron #Biden #BorisJohnson #antonioguterres
90,1,Good thing the Red Cross doesn't answer to Doug Ford #canada #cdnpoli #ontario #onpoli #ottawa My â¤ goes out to #Ottawa parents who have sick children. Thanks #RedCross
90,2,CTV News Ottawa â†’ CHEO to receive help from Red Cross staff as it deals with surge in respiratory patients ğŸ“° #Ottawa #Canada #news
90,3,#Canada #RVS - Red Cross to help #Ottawa #children's hospital get through respiratory virus season (RVS)
91,1,"ğŸ˜Œ In Irpin, the water supply is being laid from Kyiv, the Red Cross allocated 20 million hryvnias for this â€” the mayor of the city Oleksandr Markushin. #StandUpForUkraine #StopPutinNOW #Ukraine #Russia #NATO"
91,2,"In #Irpin, the water supply is being laid from #Kyiv, the Red Cross allocated 20 million hryvnias for this â€” the mayor of the city Oleksandr Markushin. In addition, the construction of a river crossing is being completed. #StandWithUkraine #HelpUkraine #StopRussia"
91,3,"ğŸ˜Œ #Irpin, water supply is being laid from Kyiv. Red Cross allocated 20 million hryvnias for this â€” the mayor of the city Oleksandr Markushin. In addition, the construction of a river crossing is being completed, &amp; another group of volunteers arrived to clean up the city todayâœŠ"
92,1,Independent journalist on the ground in Ukraine. #Mariupol citizens tell of the treatment by #NaziUkraine Nationalist Party forces. #Russian Federation liberated them giving humanitarian aid with the support of the who been in #Donbas Peoples Republic for 8 yrs
92,2,At least 250 have been liberated by Russian forces they been taken to #Donbas refugee camp assisted by who have been there for 8 yrs giving humanitarian aid to the people that #ukraine Nationalist forces have been bombing for a decade.
92,3,It was #Russian forces who liberated #Mariupol nothing to do with #UN have been in #Donbas Peoples Republic for a decade helping these people being shelled by #Ukraine Nationalist forces ğŸ˜’
93,1,"Starving #Ukrainians have resorted to 'attacking each other for food' and looting pharmacies in besieged #Mariupol, Red Cross #Kyiv government has sent no aid or medical supplies at all."
93,2,"Starving Ukrainians have resorted to 'attacking each other for food' and looting pharmacies in besieged Mariupol, Red Cross reveals as deputy mayor says 1,200 bodies have been 'collected on the streets'. #news #UkraineWar"
93,3,"Starving #Ukrainians have resorted to 'attacking each other for food' and looting pharmacies in besieged #Mariupol, Red Cross reveals as deputy mayor says 1,200 bodies have been 'collected on the streets' Mariupol has been without power, food or water for days"
94,1,"As the conflict continues in #Ukraine and a cold front descends, the International Federation of #RedCross and #RedCrescent Societies (IFRC) warns of the dire health - including the spread of #covid - and mental health consequencesâ€¦"
94,2,"MEDIA RELEASE: As the conflict in #Ukraine enters its third week and a cold front descends, warns of dire health and mental health consequences for millions of people both inside and outside of the country."
94,3,"#Ukraine: As the conflict continues and a cold front descends, warns of the dire health - including the spread of COVID-19 - and mental health consequences for millions of people both inside and outside the country. ğŸ“·: IFRC/Anette Selmer-Andresen"
95,1,"Dear . What about #Tigray ; Doctors at the biggest hospital in #Tigray say they have just days supply left of insulin, as they run out of one kind of the life-saving medicine. #EndTigraySiege #TigrayUnderAttack"
95,2,"#Dear . What about #Tigray ; Doctors at the biggest hospital in #Tigray say they have just days supply left of insulin, as they run out of one kind of the life-saving medicine. #EndTigraySiege #TigrayUnderAttack"
95,3,"Dear . What about #Tigray ; Doctors at the biggest hospital in #Tigray say they have just days supply left of insulin, as they run out of one kind of the life-saving medicine. #EndTigraySiege #TigrayUnderAttack .t"
96,1,Save #Azov and Ukrainian civilians. Save injured Ukrainians. Russians are inside #Azovstal #Ukraine #SaveAzovstal #Mariupol #PolkAzov
96,2,"Please, help them! #SaveMariupol #UkraineMarines #Azov #Azovstal"
96,3,"Iâ€™m begging you, help them! #SaveMariupol #UkraineMarines #Azov #Azovstal"
97,1,"#RussiaIsATerroristState shells #Nikopol with incendiary weapons! There are already wounded people, mother and child among them. claim russia the terrorist state it is! #unrussiaUN"
97,2,support terrorist russia #RussianWarCrimes #RussiaIsATerroristState #russiaisateroriststate #NaziRussia #Nazi
97,3,"""Faced with terrorist groups such as Al Qaeda or ISIS, we applied Art. 5 of in 2001 and we set up an international coalition. When you have a terrorist state in front of you, the consequences will have to be similar."" #RussiaIsATerroristState"
98,1,"Access to Kafta Humera, Korarit, May Gaba, Welkait, &amp; surrounding areas remains insecure, so many vulnerable people haven't received assistance for months. So Rg ğŸš©Ensure #Justice4Tigray ğŸš©Address Aid"
98,2,"Access to Kafta Humera, Korarit, May Gaba, Welkait, &amp; surrounding areas remains insecure, so many vulnerable people haven't received assistance for months. So ğŸš©Ensure #Justice4Tigray ğŸš©Address Aid."
98,3,"Access to Kafta Humera, Korarit, May Gaba, Welkait,&amp; surrounding areas remains insecure, so many vulnerable people haven't received assistance for months. So ğŸš©Ensure #Justice4Tigray ğŸš©Address Aid"
99,1,"#russia shelled a shift of caregivers of an orphanage in the Mykolaiv oblast, their minivan was marked with signs of the ""Red Cross."" As a result of the shelling, at least three caregivers were killed. #Stoprussia #ClosetheSkyoverUkraine #Stopputin #StandWithUkraine"
99,2,"âš¡ï¸In the Nikolaev area on March 8 on the Kirovograd highway ""H-14"" the #RussianArmy shot the minibus marked by signs of ""red cross"" in which went on change of the educator of an orphanage. As a result of the shelling, three female educators were killed #RussianWarCrimes #Ukraine"
99,3,"The occupiers shot a shift of teachers in an orphanage in the Mykolaiv region. At the same time, the minibus was marked with signs of the ""red cross"". As a result of the shelling, at least three teachers were killed. Two more people were injured. #StopPutinNOW"
100,1,Mines uprooted in Ukraine dam disaster could pose danger for years to come - Reuters citing Red Cross #AInvest #Ainvest_Wire #Ukraine #RussiaInvadedUkraine #warinukraine View more:
100,2,Mines uprooted in Ukraine dam disaster could pose danger for years to come - Red Cross #AInvest #Ainvest_Wire #Ukraine #warinukraine #military View more:
100,3,#Mines uprooted in #Ukraine dam disaster could pose #danger for years to come - Red Cross
101,1,"After 100 days of armed conflict, we continue supporting lifesaving #RedCross work inside and outside #Ukraine. But this is not enough. Needs are enormous. There is a urgent need of a political solution to stop the fighting. NOW."
101,2,"In these very difficult times, the work of our #RedCross volunteers inside and outside #Ukraine is a sign of hope. Civilians and humanitarians must be protected. Humanity must prevail. We will continue to scale up our humanitarian support."
101,3,"ifrc RT : In these very difficult times, the work of our #RedCross volunteers inside and outside #Ukraine is a sign of hope. Civilians and humanitarians must be protected. Humanity must prevail. We will continue to scale up our humanitarian support. â€¦"
102,1,â€¼ï¸ Metal cages are constructed in the #Philharmonic of the occupied #Mariupol The legal mayor of the city says that the invaders are preparing a show trial of #Ukrainian defenders He calls on the #UN and the #Red #Cross to intervene in the situation #ukraine #putinisawarcriminal
102,2,Metal cages are constructed in the Philharmonic of the occupied Mariupol. The legal mayor of the city says that the invaders are preparing a show trial of Ukrainian defenders. He calls on the UN and the Red Cross to intervene in the situation. #Ukraine
102,3,#RussiaNazi #russiaisaterrorisstate â€¼ï¸Metal cages are constructed in the Philharmonic of the occupied Mariupol. The legal mayor of the city says that the invaders are preparing a show trial of Ukrainian defenders. He calls on the UN and the Red Cross to intervene in the situation
103,1,"#RussiaUkraineConflict: Minister of Foreign Affairs of #Ukraine, #DmytroKuleba tweets, ""#Russia holds 300,000 civilians hostage in #Mariupol, prevents #humanitarian evacuation despite agreements with ICRC mediation. One child died of dehydration yesterday!..."""
103,2,"Minister of Foreign Affairs of #Ukraine, #DmytroKuleba tweets, ""Russia holds 300,000 civilians hostage in #Mariupol, prevents humanitarian evacuation despite agreements with #ICRC mediation. One child died of dehydration yesterday!..."" #RussiaUkraineConflict"
103,3,"Minister of Foreign Affairs of #Ukraine, Dmytro Kuleba tweets, ""Russia holds 300,000 civilians hostage in Mariupol, prevents humanitarian evacuation despite agreements with ICRC mediation. One child died of dehydration yesterday!..."""
104,1,"I just wanted to let you all know, I've earned $353 (and counting!) in sales so far for the #StandWithUkraine T's I designed! I was going to donate right to the UA Red Cross, but have seen several other good charities, What do you guys think? Suggestions?"
104,2,I'm fundraising for The British Red Cross Society. For #Ukraine Check out my page and please donate if you can. Thank you! #JustGiving
104,3,My company Kantar Group is fundraising for The British Red Cross Society. Check out their page and please donate if you can. Thank you! #JustGiving #Ukraine #HelpUkraine
105,1,"Join #VorpalTales for a special #DND5e charity one-shot supporting The Ukranian Red Cross, tonight Thursday 9p ET! â  #TTRPG #CharityStream #TTRPGFamily #TTRPGSolidarity #fantasy #charity #DND #5e #Ukraine #StandWithUkraine #RollForUkraine"
105,2,"Support Ukraine, 100% of proceeds go to British Red Cross to support people and families in need in Ukraine, digital download #supportukraine #standwithukraine #ukrainedonation #charitydonation #nowar #ukukraine #handmadeinuk #ukraineflag"
105,3,"Support Ukraine, 100% of proceeds go to British Red Cross to support people and families in need in Ukraine, digital download #supportukraine #standwithukraine #ukrainedonation #charitydonation #nowar #ukukraine"
106,1,"#Ukraine needs weapons and humanitarian assistance to defend against #Putin. Russian troops shoot a nuclear power plant. Stop innocent civilian deaths. People around the world ask NATO to close the airspace over Ukraine. , provide #SafeAirliftUkraine"
106,2,"#Ukraine suffering dramatic cruel attack from #Putin. Itâ€™s not enough for . /. /#FreeWorld to â€œcondemnâ€ #Russia. Talk ISNâ€™T enough. #Ukraine needs heavy serious #Weapons/#War NOW! #Airplanes, #LongRange #Missiles MUST insure evacuation routes for . ! . ."
106,3,"#Ukraine suffering dramatic cruel attack from #Putin. Itâ€™s not enough for . /. /#FreeWorld to â€œcondemnâ€ #Russia. Talk ISNâ€™T enough #Ukraine needs heavy serious #Weapons/#War NOW! #Airplanes, #LongRange #Missiles MUST insure evacuation routes for . ! ."
107,1,Photos of MDA volunteers honoring Israel's fallen and terror victims on #YomHaZikaron (Israel's memorial day). May their memories be a blessing. #Israel #MemorialDay
107,2,"Victoria Leshiner fled from #Ukraine &amp; arrived in #Israel a month ago. She wanted to continue helping Ukrainian refugees. MDA personnel contacted her and offered her a job at the Refugee Call Center, which works in cooperation with the Ministry of Welfare and JDC Israel."
107,3,"Racheli Ikar Cohen, an MDA Paramedic working in the refugee call center in #Israel, is currently on an MDA mission in #Moldova &amp; #Ukraine. She is at the clinic w/ the Jewish community &amp; is providing much-needed care, medical attention, and support to refugees."
108,1,This is what Evil NaZi RuZZia is doing everydayâ€¦shelling and killing children and civilians in Ukraine #russiaisaterrorisstate
108,2,This is what Evil NaZi RuZZia is doing everydayâ€¦killing children and civilians in Ukraine #russiaisaterrorisstate
108,3,Who else if not #Russia ?#Ruzzia
109,1,#stoprussia #EU: Russia has still not allowed ICRC to visit #Olenivka
109,2,EU: Russia has still not allowed ICRC to visit Olenivka #Ukraine
109,3,EU: Russia has still not allowed ICRC to visit Olenivka #UkraineRussiaWar #UkraineUnderAttaÑk #UkraineWar #UkraineWarNews
110,1,how do you sleep â‰ï¸ #GenocideOfUkrainians #RussianWarCrimes #RussiaIsATerroristState #ArmUkraineNow
110,2,"How do you sleep at night? Any of your 'deeply concerned' tweets intercepted a missile falling on civilians or saved any POW's life? Self-dissolution is your only option, frankly I don't even know why you still exist. #russiaisaterrorisstate #OlenivkaMassacre"
110,3,"How do you sleep at night? Any of your 'deeply concerned' tweets ntercepteda missile falling on civilians or saved any POW's life? Self-dissolution is your only option, frankly I don't even know why you still exist. #russiaisaterrorisstate #OlenivkaMassacre"
111,1,"Rules are for sane people, not egomaniacal,spiteful, sadists like #Putin.He doesn't care about rules,he uses them to his advantage to kill more civilians,hoping the west feels guilty for their sanctions. #Zelenskyy didn't help TFG get dirt on Biden,#Biden needs to help more nowğŸ‡ºğŸ‡¦"
111,2,"#VLADIMIR #PUTIN! WE HAVE MORE SANCTIONS,IF YOU WANT.. WE DO NOT RECOGNIZE YOUR JUDGMENTS WE WANT YOU TO DELIVER ALEXEI #NAVALNY TO THE INTERNATIONAL RED CROSS WE WANT IT TO BE SEEN BY DOCTORS IN #EUROPE AND OUTSIDE #RUSSIA #LAVROV #SWISS #SWIZERLAND #MOSCOW #KREMLIN #PESCOV"
111,3,"#VLADIMIR #PUTIN! WE HAVE MORE SANCTIONS,IF YOU WANT... WE DO NOT RECOGNIZE YOUR JUDGMENTS WE WANT YOU TO DELIVER ALEXEI #NAVALNY TO THE INTERNATIONAL RED CROSS. WE WANT IT TO BE SEEN BY DOCTORS IN #EUROPE AND OUTSIDE #RUSSIA. #LAVROV #SWISS #SWIZERLAND #MOSCOW #KREMLIN"
112,1,"I am not here to troll. I'd like for the world to understand that did not make an attempt to create a humanitarian corridor into #Ukraine for #Ukrainian citizens. Their agreement with #russia puts our men, women and children in direct access to people who wish them ill."
112,2,"#Russian invasion of #Ukraine: What should businesses do? See our guidance on good practices for companies operating in conflict-affected contexts, using materials from"
112,3,"#Russian invasion of #Ukraine What should businesses do? See guidance on good practice for companies operating in conflict-affected contexts, using materials from"
113,1,"12,000 pledges of accommodation from Irish people to refugees from Ukraine through the Irish Red Cross website, 3000 offering secondary or holiday homes. #BorisJohnson #PritiPatelResign #ToryIncompetence #UkraineWar"
113,2,Please share. The Irish Red Cross is overseeing the register of pledges for accommodation to help Ukrainian refugees in Rep of Irl. Many British have 2nd holiday homes in ROI &amp; may wish to offer them to the refugees. #standwithukraine
113,3,You can now register pledges of accommodation and other services to assist Ukrainian refugees with the Irish Red Cross. #StandWithUkraineï¸ Please RT. Link here;
114,1,Azov Regiment provided unique footage of the current rescue operation in #Mariupol. We thank the and for their support. Many people worked to make this possible. The work will continue until we save all our people. #SaveMariupol #StandWithUkraine #StopRussia
114,2,"#Azov Regiment provided unique personnel of the rescue operation in #Mariupol,said #Arahamiya,thanking for the support of the and the ""Many people have worked to make this possible.The work will continue until we save all our people,""said the leader of the #CH faction."
114,3,"The Azov Regiment provided unique footage of the rescue operation in Mariupol. Thank you for the support of the UN and the International Committee of the Red Cross. ""Many have worked to make this possible. The work will continue until we save all of our people."" #Mariupol #Azov"
115,1,In the interest of conducting an objective investigation of the strike on the detention centre in #Yelenovka #Donetsk causing deaths of many #Ukraine #POWs #Russia has officially invited experts from #UN and the International Red Cross #IRC to carry it out
115,2,JUST IN: Russia said it has invited experts from the UN and the Red Cross to investigate the deaths of dozens of Ukrainian prisoners in a jail held by Moscow-backed separatists #UkraineWar
115,3,Russia has invited experts from the UN and the Red Cross to investigate the deaths of dozens of Ukrainian prisoners held in a jail by Moscow-backed separatists. #UkraineRussianWar
116,1,UPDATE - The roadblock in #NagornoKarabakh remains closed to all civilian traffic and movement by #Azerbaijan's authorities. and #Russia's Peacekeeping contingent vehicles are the only ones permitted through. #Armenia
116,2,"UPDATE: The #NagornoKarabakh-#Armenia highway remains blocked by #Azerbaijan, no changes in the situation, all civilian transit/trade blocked since 12 Dec. 2022, only and #Russia's peacekeeping contingent vehicles permitted to transit. *Photo provided by Azeri authorities"
116,3,"#Azerbaijan state-controlled Ictimai TV reports 20 vehicles passing through the #NagornoKarabakh roadblock during 3 January. 6 lorries reported, most likely from #Russia's Peacekeeping contingent (RPC). Since 12 Dec. only RPC and vehicles have been permitted. #armenia"
117,1,#Olenivka is a direct proof of russiansâ€™ terror and the full inaction of the . 53 dead captured Ukrainians!!! #saveazovstaldefenders #Azovstal #Mariupol
117,2,"#Olenivka is a direct proof of russiansâ€™ terror and full inaction of the . As a result - 53 dead captured Ukrainians. Titans, who bravely defended #Mariupol and #Azovstal for 86 days, are in captivity of the most insidious enemy now. The world must #SaveAzovstalDefenders â€¼ï¸"
117,3,#Russia does not respond to the demand to return the bodies of the dead soldiers from #Azovstal in #Olenivka. Our #Heroes should be buried with all honors. We call to return their bodies home! 29.07.2022ğŸ”¥ #russiaisaterrorisstate #RussianUkrainianWar
118,1,Why isnâ€™t . establâ€™g #HumanitarianCorridor to #Mariupol #Ukraine for . to evacuate people ? There wonâ€™t be anyone alive if they wait Why isnâ€™t . putting ships in the #BlackSea ? #Russia MUST feel disapproval of pounding cities to ash. . #UkraineInvasion
118,2,Why isnâ€™t. establishing #HumanitarianCorridor to #Mariupol #Ukraine for . to evacuate people ? There wonâ€™t be anyone alive if they wait. Why isnâ€™t . putting ships in the #BlackSea ? #Russia MUST feel disapproval of pounding cities to ash. . #War
118,3,Why isnâ€™t. establishing #HumanitarianCorridor to #Mariupol #Ukraine for . to evacuate people ? There wonâ€™t be anyone alive if they wait. Why isnâ€™t . putting ships in the #BlackSea ? #Russia MUST feel disapproval of pounding cities to ash. . .
119,1,Happy World Red Cross Day #redcrossday #covid #redcross #redcrossyouth #redcrescent #worldredcrossday #youth #icrc #redcrossinternational #kantech #kantechservices #canada #europe #australia #africa #india #itsolutions #business #projectmanagement #technology #usa #uae #uk
119,2,"World Red Cross Day, May 8th, World Map with Red Cross People icon, Social Media Digital Post #WorldRedCrossDay #TrendingNow #World #international #NGO #WHO #UN #USA #UK #MiddleEast #Austarlia #islands #UkraineRussiaWar #DigitalMarketing #socialmedia"
119,3,"World Red Cross Day, May 8th, World Map with Red Cross People, DOWNLOADğŸ‘‡ #WorldRedCrossDay #TrendingNow #World #international #NGO #WHO #UN #USA #UK #MiddleEast #Austarlia #islands #UkraineRussiaWar #DigitalMarketing #socialmedia #c #d #b #w #z #l"
120,1,"while defending not only #Ukraine, but also #European security. Particularly, the rally participants demand for #ICRC to safeguard the rights of the prisoners of war under the #Geneva Convention. #ukraine #putinisamasskiller #putinisawarcriminal"
120,2,"Responsible leaders- #NATO, #UN, #EU-visit #Ukraine; #rafaelmgrossi @ Zaporizhzhia nuclear power plant. #ICRC, #Amnesty heads don't! Their ""charge""-#Ukraine's war prisoners kept in inhumane conditions-tortured, starved, executed. No oversight/action! Don't send funds!"
120,3,#UkraineRussianWar #Ukraine #Russia Performance in memory of the Ukrainian prisoners of war who died in the colony in the occupied #Yelenovka. Protesters called the #UN and #ICRC to provide security guarantees to Ukrainian POW and to recognize Russia as a sponsor of terrorism
121,1,"We â¦ â© are ready to facilitate safe passage of civilians out of #Mariupol. But we need commitment from the parties &amp; agreement on: - time, locations, routes - people who want to evacuate voluntarily -assistance to be brought in Statement ğŸ‘‡ğŸ»"
121,2,- coordinated safe passage from #mariupol: nearly 500 civilians evacuated. We will repeat this operation as long as necessary and possible.ğŸ‘‡ğŸ¼my exchange with tonight on
121,3,: People in #Mariupol desperately need a safe haven. Our team is on the move towards the city to help with a safe passage out. This effort has been and remains extremely complex. We hope to have the necessary conditions to do this â€¦
122,1,Everyone Make a Wish 1:11 EST #FreeUkraine #CrimeaIsUkraine #FreeAzovstalDefendersğŸ‡ºğŸ‡¦B42L8 MustListen #Survivors #Heroes #BadAssUkrainians #BadAssWomen #LiveNOW #MriyaReport #NAFO #Fellas
122,2,"Russia's genocide in Ukraine shows that the Western gravy trains â€“ , , , and â€“ have failed and need to be overhauled, replaced or eradicated. Because, meanwhile, dictators thrive and innocent people suffer #StandWithUkraine #SlavaUkraini"
122,3,"ĞĞ¹ Ñƒ Ğ»ÑƒĞ·Ñ– Ñ‡ĞµÑ€Ğ²Ğ¾Ğ½Ğ° In the meadow, there a red kalyna, has bent down low For some reason, our glorious ğŸ‡ºğŸ‡¦, has been worried so. And we'll take that red kalyna and we will raise it up, And we, our glorious ğŸ‡ºğŸ‡¦, shall, hey - hey, cheer up - and rejoice! #SlavaUkraini #HeroiamSlava"
123,1,I bet &amp; MR WAR IS EVIL will never look at #Ukraine privileges to commit WAR CRIMES They are all TURNED BLIND DEAF &amp; MUTE on those savage WTF
123,2,Where those ?? Are they also TURNED BLIND DEAF n MUTE on #Yemen like they did on #Ukraine #Donbass ??? FVCK THEM ALL !!
123,3,#Ukrainian were/are free to do anything since 2014 against anyone. turned BLIND DEAF n MUTE on #Ukraine crimes. Useless bodies served as #US tools. We hv seen how fast they checking #Russian 'war crimes' but not #Ukraine
